milestone,package,requirement_id,relation,status_before,status_after,evidence,remaining
M3,original85,M02,ADVANCES,PARTIAL,PARTIAL,"memory-store.mjs: Markdown notes + FTS5 + classification; m3-memory-store.test.mjs (46); verifier rounds 1-7 (round-7 findings fixed, round 8 pending)","semantic (embedding) retrieval blocked on owner approval; not accepted until round 8 is clean"
M3,original85,C07,ADVANCES,PARTIAL,PARTIAL,"memory-store.mjs project/tenant-scoped notes; agent-memory.mjs scopes (M5)","project dashboards; cross-session task resumption beyond checkpoints"
M3,original85,A05,ADVANCES,PARTIAL,PARTIAL,"agent-visible text memory with classification + forget","multimodal memory (observation-memory only metadata)"
M3,original85,P19,ADVANCES,PARTIAL,PARTIAL,"agent recall through agent-memory handles; fenced untrusted results","object recall from media"
M3,pkg150,PKG150-OP10,ADVANCES,PARTIAL,PARTIAL,"long-lived notes with versions and provenance","long-horizon retrieval quality not measured on real data"
M4,original85,C03,ADVANCES,PARTIAL,PARTIAL,"agent-coordination.mjs: messaging, delegation, loop prevention, sub-agents, maker-checker; m4 tests (26); verifier rounds 1-3","live multi-model orchestration; coordinator mailbox UI"
M4,original85,P08,ADVANCES,VERIFIED_WORKING,VERIFIED_WORKING,"checkpoint/recover for coordinated tasks (additional evidence only; classification unchanged)","-"
M4,original85,P16,ADVANCES,PARTIAL,PARTIAL,"coordinator checkpoints + resume; memory continuity (M5)","model-context packing across sessions"
M4,pkg150,PKG150-GE02,ADVANCES,PARTIAL,PARTIAL,"bounded temporary sub-agents inside the 30-agent cap","parallel sub-agent execution with a real model provider"
M4,pkg150,PKG150-GE03,ADVANCES,PARTIAL,PARTIAL,"checkpoints + task recovery + memory of verified work","long-session context management"
M4,p23,23-point-agent-communication-and-permissions,ADVANCES,PARTIAL,PARTIAL,"identity-bound handles, task-bound fenced messages, deny-by-default delegation rules","tool exposure of memory/coordination to model-driven agents needs owner policy decision"
M5,original85,M02,ADVANCES,PARTIAL,PARTIAL,"agent-memory.mjs + Control Center Memory panel (control-center-memory.test.mjs 6; m5 tests 43)","neural retrieval EXTERNAL_BLOCKER; second verifier round pending"
M5,original85,G07,ADVANCES,PARTIAL,PARTIAL,"hybrid retrieval with honest labels; retrieval_benchmark.mjs; retrieval-eval.mjs","benchmark on real data and a real model"
M5,original85,E-neural-semantic-search,BLOCKED,EXTERNAL_BLOCKER,EXTERNAL_BLOCKER,"embedding-provider.mjs detection reports no runtime/model on this machine; nothing downloaded","owner approval: install local runtime + pull named model + sign EMBEDDING_ACTIVATE"
M5,pkg150,PKG150-AS11,ADVANCES,PARTIAL,PARTIAL,"verified-work notes by project scope","multi-week project coordination layer"
M5,pkg150,PKG150-OP10,ADVANCES,PARTIAL,PARTIAL,"operational vs long-term memory with owner-approved retention sweep","real-data retrieval quality"
M5,p23,23-point-memory-and-knowledge,ADVANCES,PARTIAL,PARTIAL,"tenant/project/agent/classification isolation, audit, forget, retention, restart recovery","tenant separation is one store folder per tenant"
M5,global-business,GB-memory-prerequisite,ENABLES,PLANNING_ONLY,PLANNING_ONLY,"coordination (M4) + memory (M5) are the prerequisites for source adapters and persistent market knowledge","source adapters need owner allowlist; no external access performed"
M6,m6-directive,M6-01-market-intelligence-engine,ADDS,NOT_STARTED,PARTIAL,"market-data.mjs: provenance/licence, validation, sessions, analytics, anomalies, freshness; m6-market-orb.test.mjs","no live provider (owner approval: provider, licence, allowlist); other asset classes only via owner-supplied data"
M6,m6-directive,M6-02-orb-engine,ADDS,NOT_STARTED,PARTIAL,"orb-strategy.mjs configurable ORB with costs, anchors, null model; hand-computed tests + mutation checks",no evidence that any result transfers to real markets; crypto anchors untested on real data
M6,m6-directive,M6-03-autonomous-strategy-research,ADDS,NOT_STARTED,PARTIAL,"backtest.mjs: reproducible runs, look-ahead audit, walk-forward, random baseline, acceptance criteria; maker-checker demo via real coordinator",model-driven hypothesis/code generation by the agents not built; needs real historical data
M6,m6-directive,M6-04-autonomous-paper-trading,ADDS,NOT_STARTED,PARTIAL,"paper-trader.mjs + trading-panel scheduler; limits, suspension, signed resume, recovery, audit; m6-paper-trader.test.mjs (13), m6-control-center.test.mjs",simulated only by design; real-money trading NOT authorized
M6,m6-directive,M6-05-agent-activity-view,ADDS,NOT_STARTED,PARTIAL,agent-activity.mjs derives states from the real ledger; m6-agent-activity.test.mjs (5),per-agent WAITING_FOR_APPROVAL not derivable; richer states need runtime instrumentation
M6,m6-directive,M6-06-operations-center-ui,ADDS,NOT_STARTED,PARTIAL,"Operations, Live Agent Activity, Trading, Revenue & Business views; /api/live SSE with reconnect and restart restore; browser smoke test",Windows Electron launch not verified here; E (memory) and F (security) reuse existing panels
M6,m6-directive,M6-07-revenue-separation,ADDS,NOT_STARTED,PARTIAL,"ops-views.mjs: real ledger revenue and SIM-USD paper P&L separate, combinedTotal null; ledger-unreadable = UNKNOWN; tests",no real payment evidence exists in this environment
