id,description,status,registry_links,modules,evidence,missing,integration_gaps,security,plan,tests_required,final_status
M01,Universal AI Browser Sidebar,MISSING,V73-S19-001;V73-S19-002;V73-S19-003;V73-S19-004;V73-S19-005;V73-S19-006,atlasz-addons/computer-use-fabric.mjs (action policy only); tool-fabric.mjs (catalogue entry 'browser'),Policy tests for AUTO/ASK/FORBIDDEN actions only (computer-use-fabric tests). No browser companion exists.,"Browser extension/sidebar, page extraction, page Q&A, task launch",Needs an extension host; page content is untrusted input -> must pass Security Brain,Page text is hostile input; no auto-actions; owner approval for any task launch,"Build page-content ingestion (security-screened, provenance) as a reusable module; extension shell itself needs a browser-extension build (blocked on distribution/approval)","ingest screening, injection quarantine, provenance, no-action-without-approval",MISSING
M02,Intelligent Knowledge Projects,PARTIAL,V73-S03-017;V73-S05-013;V73-S06-002;V73-S06-007;V73-S07-001;V73-S07-002,knowledge-projects.mjs; document-center.mjs; brain/knowledge-brain.mjs; brain/memory-fabric.mjs; shared-project-registry.mjs; business/entity-graph.mjs,"knowledge-projects.test (8) + knowledge-projects-hosted.test (2), 14+3 mutation checks; document-intelligence.test (6), doc-extractors.test (5), memory-fabric.test, knowledge-brain tests",Semantic (embedding) retrieval; image members (no OCR/vision provider),BM25 keyword retrieval only (labelled NOT semantic); no embeddings; images not supported,Tenant+role gates already enforced; screening before agent read,"BUILT: projects with document/note/webpage members, extractive cited answers, verifiable citations, hosted as kp.* typed tools + Control Center view. Embeddings need a provider (EXTERNAL BLOCKER)","project isolation, citation traceability, superseded versions, agent-read gating",PARTIAL
M03,Multi-Model Conversation Interface,PARTIAL,V73-S02-002;V73-S03-007;V73-S03-010;V73-S08-001;V73-S08-002;V73-S08-003,atlasz-addons/model-gateway.mjs (composes provider-resilience + brain/model-intelligence); typed tool model.complete; Control Center providers panel,"model-gateway.test (6: no-provider honesty, single real probe feeds both registries with measured latency, no-spend routing + fallback + breaker, untrusted-output quarantine, independent judge needs another family, ledger failure never triggers a second call); 8+1 mutation checks caught; hosted in money-engine-hosted.test","Shared multi-model CONVERSATION object (turns, per-turn switching, context window management); any live provider (EXTERNAL)",No provider registered (no credentials); conversation/context manager not built,Keys server-side only; LIVE only from our own probe,Conversation manager with context budget + token/cost accounting over existing router; providers stay blocked,"context trimming, switch audit, cost accrual, no-LIVE-without-probe",PARTIAL
M04,Autonomous Task Agent,PARTIAL,V73-S03-001;V73-S03-002;V73-S03-003;V73-S03-004;V73-S03-005;V73-S03-006,brain/orchestrator.mjs; brain/planning-brain.mjs; brain/governed-dispatch.mjs; master-planner-orchestrator.mjs,"brain-orchestration.test, governed-dispatch.test, brain-runtime-wiring.test",Real tool/model execution for documents/research/calculations/artifacts (no live models),Tool execution is adapter-gated; typed tool calls missing,Control chain on every action,Typed tool registry (shared) + sandboxed calculation so plans can execute locally verifiable steps,"plan->tool->verify loops, failure replan, approval points",PARTIAL
M05,Skills and Plugin Framework,PARTIAL,V73-S02-002;V73-S09-015;V73-S18-004;V73-S21-039;V73-S21-040;V73-S22-001,plugin-manager.mjs; skill-factory.mjs; capability-registry.mjs; control-center plugin panel,"plugin-manager.test, control-center-plugins.test (manifest validation, permissions, isolated hook process, health)","Versioned install from package, rollback of a bad plugin version, skill testing harness",Skill Factory creates definitions only,Plugin code never runs in core process; forbidden permissions refused,Add versioned skill packages with test-gate + rollback on the shared typed-tool registry,"install/upgrade/rollback, permission escalation refused",PARTIAL
M06,Isolated Sandbox Workspace,PARTIAL,V73-S19-001;V73-S19-002;V73-S19-003;V73-S19-004;V73-S19-005;V73-S19-006,"computer-use-fabric.mjs (policy); plugin-manager.mjs (child process, minimal env, timeout) ; code-sandbox.mjs (separate-process JS/Python runner, detected isolation level, limits, audit)",plugin-manager.test timeouts/containment; code-sandbox.test (9) + code-sandbox-hosted.test (3) + mutation checks; Linux namespace isolation (no network) verified on this host,Container/VM-grade isolation; Windows has only process limits + timeouts,Isolation is labelled NAMESPACE or PROCESS_ONLY and is NOT a container or VM; Python filesystem restriction is best effort (audit hook); process-only mode needs argument-bound owner approval,Untrusted code must never get secrets; honest label if isolation is process-level only,"Build code-sandbox runner (child process, rlimits, scrubbed env, temp dir, output caps) and label isolation level truthfully","timeout kill, memory cap, env scrub, path escape refused, output cap",PARTIAL
M07,Advanced Analyst Mode,MISSING,V73-S09-020;V73-S26-006;V73-S30-007;ATLASZ-BR-004,doc-extractors.mjs (XLSX/ODS read); tool-fabric.mjs (catalogue 'data-analysis') ; code-sandbox.mjs (runner only),"Extractors read spreadsheets as text only; the sandbox exists as a runner, but no spreadsheet/statistics/chart workflow is built on it","Cleaning, calculation, statistics, charts, reproducible reports",Needs sandbox runner + deterministic calc library,Computations must be reproducible and hash-recorded,"Analyst module: CSV/XLSX table load, profile, clean, stats, chart spec (data only), report with input hashes","stats correctness vs known values, malformed input, reproducibility hash",MISSING
M08,Deep Research,PARTIAL,V73-S03-011;V73-S07-005;V73-S07-016;V73-S09-005;V73-S09-006;V73-S09-015,research-ledger.mjs; knowledge-projects.mjs; brain/verifier.mjs; brain/evidence-sources.mjs; market-intelligence-engine.mjs; enterprise-knowledge-agentic-rag.mjs,"research-ledger.test (9) + research-ledger-hosted.test (2), 28 mutation checks; evidence-sources.test, brain verifier tests",Live multi-source collection (no web provider); semantic comparison of sources,"No live web provider: sources must be supplied as already-retrieved text; comparison is quote-coverage/keyword based, not semantic",Fetched pages are untrusted; claims need provenance,"BUILT: durable ledger of questions/findings/citations/contradictions/unresolved, status recomputed from live sources (VERIFIED/UNSUPPORTED/ASSUMPTION/OUTDATED/CONFLICTED/REFUTED/UNVERIFIABLE), hash-chained audit, kp.* + research.* typed tools, Control Center view. Live fetcher still blocked (provider)","claim-source linkage, conflict flagging, stale-source detection, no uncited claim marked VERIFIED",PARTIAL
M09,Video Intelligence,EXTERNAL_BLOCKER,V73-S05-012;V73-S05-013;V73-S28-002;ATLASZ-PKG84-029;ATLASZ-PKG84-030;ATLASZ-PKG84-031,voice-session.mjs (state machine only),None for video,"Video/transcript analysis, timestamps, summaries",Needs transcription/vision provider,Authorized videos only; privacy class,Transcript-based pipeline (timestamped transcript ingest -> index -> summary/action steps) buildable without a provider when a transcript is supplied,"timestamp integrity, transcript screening, action-step verification",EXTERNAL_BLOCKER
M10,Creative Studio,EXTERNAL_BLOCKER,V73-S09-024;V73-S22-006;V73-S23-012;V73-S28-001;V73-S28-002;V73-S28-003,tool-fabric.mjs (catalogue only),None,Image/doc/slide creation through providers,No generation provider,Generated content labelled; no impersonation/trademark reproduction,Modality fabric slots + job records; providers blocked,"provider-slot honesty, content labelling",EXTERNAL_BLOCKER
M11,Intelligent Communication Assistant,PARTIAL,V73-S04-011;V73-S25-001;V73-S25-002;V73-S25-003;V73-S25-004;V73-S25-005,business/communication-center.mjs; business/inbox-pipeline.mjs; universal-inbox.mjs; human-core.mjs,"inbox-pipeline.test (6), universal-inbox.test, business-engines.test (DRAFT/QUEUED != SENT)",Real email/chat connector; drafting with a language model,No connector credentials/model; sending is approval-gated,External sending always needs owner approval + provider evidence,Keep as is; add draft-with-verified-context helper when a model is connected,"draft provenance, approval before send, no SENT without provider ref",PARTIAL
M12,Custom AI Assistants,PARTIAL,V73-S04-010;V73-S06-001;V73-S06-002;V73-S06-003;V73-S06-004;V73-S06-005,agent-factory.mjs; owner-control/agent-governor.mjs; capability-graph.mjs,"agent-factory-governor.test (31st agent refused, unknown capability refused)","Configurable assistant profiles (instructions, tools, memory scope, permissions) separate from the fixed 30 runtime agents",Fixed 30 limit applies to runtime agents; profiles are not agents,Profiles cannot add agents or permissions beyond the owner grant,"Assistant Profiles module (config only, no extra agents) using memory scopes + typed tool allowlists","profile cannot exceed grants, scope isolation, no agent-count change",PARTIAL
M13,Interactive Artifacts and Prototypes,PARTIAL,V73-S06-011;ATLASZ-BR-027;ATLASZ-PKG84-004;ATLASZ-PKG84-007;ATLASZ-PKG84-012;ATLASZ-T3-001,business/artifact-registry.mjs; atlasz-control-center (own UI),"business-engines.test (content-addressed artifacts, CREATED!=VERIFIED!=DELIVERED)",Chart/diagram/app preview generation and rendering,Artifact store has no preview renderer,Previews must be sandboxed (no script from untrusted artifacts),"Static preview generator (SVG/HTML with CSP, data-only charts) registered as artifacts","preview sandbox/CSP, content hash, no remote loads",PARTIAL
C01,Advanced Software Engineering Agent,MISSING,V73-S08-001;V73-S08-007;V73-S12-005;V73-S12-006;V73-S16-003;V73-S20-006,"tool-fabric.mjs (catalogue 'code','test','github'); regression-eval-suite.mjs; skill-factory.mjs ; code-sandbox.mjs (runner only)",Only catalogue entries and an eval suite scaffold; tests/code can be executed in the sandbox; repo analysis/edit/review workflow still not built,"Repo analysis, edit, test run, review workflow as governed tools",No code tools wired; needs sandbox + typed tools,Writes only inside a project sandbox; no push without approval,"Engineering toolkit on shared sandbox: repo scan, test runner, diff review (P07) — read/analyze first","repo scan correctness, test-run capture, path escape refused",MISSING
C02,Computer-Based Task Execution,PARTIAL,V73-S02-001;V73-S05-016;V73-S19-001;V73-S19-002;V73-S19-003;V73-S19-004,computer-use-fabric.mjs; tool-fabric.mjs,"computer-use-fabric tests (AUTO/ASK/FORBIDDEN, kill switch, audit)",Real provider executing actions,Provider PLACEHOLDER_UNCONNECTED; never reports LIVE,Policy engine already fail-closed,Keep policy; connect a provider only when one exists and is probed,No live provider/credential in this workspace; nothing may be reported LIVE without our own passing probe.,PARTIAL
C03,Multi-Agent Coordination,PARTIAL,V73-S02-001;V73-S02-002;V73-S02-003;V73-S03-001;V73-S03-002;V73-S03-003,brain/orchestrator.mjs; brain/capability-graph.mjs; owner-control/agent-governor.mjs; durable-queue.mjs; brain/governed-dispatch.mjs,"brain-orchestration.test, canonical-runtime.test (5+25), durable-queue.test (backpressure), governed-dispatch.test",Explicit task ownership/dependency handoff verification across agents at runtime; concurrency limits per type,Agent-to-agent handoff verification and duplicate-work detection only partly covered,Topology fixed at 30; governor refuses extras,Handoff contract + duplicate-work check on top of governed dispatch,"handoff acceptance, duplicate dispatch refused, dependency order",PARTIAL
C04,Computer Use,EXTERNAL_BLOCKER,V73-S02-001;V73-S19-001;V73-S19-002;V73-S19-003;V73-S19-004;V73-S19-005,computer-use-fabric.mjs,Policy tests only,Visual interaction provider,No provider,Same as C02,Provider-dependent; policy already built,No live provider/credential in this workspace; nothing may be reported LIVE without our own passing probe.,EXTERNAL_BLOCKER
C05,Reusable Agent Skills,PARTIAL,V73-S09-015;V73-S18-004;V73-S29-004;V73-S29-008;ATLASZ-BR-014;ATLASZ-OSC-018,skill-factory.mjs; capability-graph.mjs; plugin-manager.mjs,skill-factory + capability-graph tests,Versioned skill definitions with permission boundary and a pass/fail test gate before activation,Skill Factory registers definitions untested,Skills inherit caller permissions only,Skill package format + test gate (shared with M05),"version pin, test-gate refusal, permission boundary",PARTIAL
C06,MCP Integration Framework,PARTIAL,V73-S02-001;V73-S02-002;V73-S12-006;V73-S18-010;V73-S18-014;V73-S20-001,connector-catalog.mjs; universal-connector-layer.mjs; tool-bridge.mjs; secret-vault.mjs,"connector-catalog.test + typed-tools.test (typed descriptors, approval classes, timeout/failure containment)",MCP transport/protocol client and capability discovery against a real MCP server (EXTERNAL: no server available),Tool Bridge has no tests; MCP transport missing,Credentials only via vault; each MCP tool call approval-classed,Define MCP-style tool descriptor + typed invocation over the shared registry; transport blocked until an MCP server is available,"descriptor validation, auth failure, approval classes, timeout/failure handling",PARTIAL
C07,Project Memory,PARTIAL,V73-S03-017;V73-S04-010;V73-S05-013;V73-S06-002;V73-S07-001;V73-S07-002,knowledge-projects.mjs (project notes); brain/memory-fabric.mjs; brain/knowledge-brain.mjs; business-memory.mjs; experience-learning-engine.mjs; shared-project-registry.mjs,"memory-fabric.test (tenant isolation, HISTORICAL_RESULT only from independent ACCEPT)",Decision log with provenance across sessions; project registry is in-process,shared-project-registry not durable,Tenant isolation verified,Notes with provenance exist in Knowledge Projects; still need a typed decision-log and persisting shared-project-registry,"restart durability, tenant isolation, provenance required",PARTIAL
C08,Advanced Research,PARTIAL,V73-S09-005;V73-S09-006;V73-S09-015;V73-S31-005;V73-S32-006;V73-S38-004,see M08,see M08,Live collection and semantic synthesis (provider),see M08,see M08,Ledger BUILT (see M08); live research needs a provider,see M08,PARTIAL
C09,Interactive Artifact Generation,PARTIAL,ATLASZ-BR-027;ATLASZ-PKG84-004;ATLASZ-PKG84-007;ATLASZ-PKG84-012,see M13,see M13,see M13,see M13,see M13,Shared with M13,see M13,PARTIAL
C10,Adaptive Reasoning Allocation,PARTIAL,V73-S02-002;V73-S03-001;V73-S03-007;V73-S03-010;V73-S08-001;V73-S08-002,brain/model-intelligence.mjs; cost-model-router.mjs; budget-consumption-governor.mjs,brain-systems.test routing by measured suitability,"Effort/depth selection by complexity, risk and budget","Router picks a model, not an effort level",Spend limited by no-spend default,Effort policy function (complexity x risk x budget -> tier) feeding the router,"tier monotonic in risk, never exceeds budget, no-spend respected",PARTIAL
C11,Permission-Aware Knowledge Search,VERIFIED_WORKING,V73-S02-003;V73-S06-007;V73-S07-001;V73-S07-002;V73-S07-003;V73-S07-004,document-center.mjs; knowledge-projects.mjs; observation-memory.mjs (tenant-isolation.mjs is NOT wired by design and enterprise-knowledge-agentic-rag.mjs is an in-memory demo - neither counts as evidence),"document-intelligence.test (tenant+role gate on list/search/get/versions, forAgent read, 4 mutation checks); tenant-isolation.test TASK3: re-verified by independent probe P12 (cross-tenant recall = 0; agents never see CONFIDENTIAL).",None for document scope; other knowledge stores covered by tenant-isolation,Enterprise RAG is in-memory demo (separate item G07/GE09),Role/tenant enforced at every read; SECRET hidden,Keep; reuse in Knowledge Projects,(done) + regression,VERIFIED_WORKING
C12,Scheduled and Recurring Tasks,VERIFIED_WORKING,V73-S10-001;V73-S10-002;V73-S10-003;V73-S10-004;V73-S10-005;V73-S10-006,atlasz-addons/scheduler.mjs; atlasz-addons/typed-tools.mjs; atlasz-addons/personal-command-center.mjs; supervisor-safe.mjs (tick every 30s); business/recurring-billing.mjs,"scheduler.test (7: restart persistence, outage = one run + missedRuns, exponential backoff, failed-ONCE/paused-by-failures, approval-gated external tools, emergency-stop halt, crash->INTERRUPTED, corrupt file never replaced; 8 mutation checks caught, 1 equivalent), personal-command-center.test E2E (scheduled job -> typed tool -> PCC item, survives restart, halted by stop), money-engine-hosted.test (hosted tick)","Cron expressions (ONCE/INTERVAL/DAILY only); exactly-once delivery (at-least-once, disclosed); calendar-aware (timezone/DST) schedules",Runs inside the supervisor process; the Control Center only reads the persisted schedule file (no schedule creation UI yet),Schedules cannot grant authority; external actions still go through the control chain,Build durable scheduler (shared with P06/P08/P11),"restart persistence, catch-up limit, retry/backoff, kill-switch/safe-mode stop, owner pause",VERIFIED_WORKING
C13,Advanced Administration and Security,VERIFIED_WORKING,V73-S02-001;V73-S02-002;V73-S02-003;V73-S03-014;V73-S06-004;V73-S06-007,owner-auth.mjs; owner-control/*; secret-vault.mjs; audit-chain.mjs; brain/security-brain.mjs; safe-mode.mjs,"owner-auth.test (24), owner-control-bypass/core/extra tests, safety-modules.test, control-center-ownersafety.test, emergency-stop.test",Multi-user RBAC (not required: single-owner model by design),Single owner; no delegated admin roles,Ed25519 single-use bound approvals; vault AES-256-GCM; hash-chained audit,Keep; only extend if the owner later wants delegated admins,(done) + regression,VERIFIED_WORKING
G01,Social Information Search,EXTERNAL_BLOCKER,,market-intelligence-engine.mjs; tech-watch.mjs (file feeds),Offline feed-file monitoring only,Approved social sources,No credentials/provider; platform ToS,Public/approved sources only; no scraping bypass,Source-adapter slot with provenance + rate state; blocked until credentials exist,No live provider/credential in this workspace; nothing may be reported LIVE without our own passing probe.,EXTERNAL_BLOCKER
G02,Live Web Research,EXTERNAL_BLOCKER,V73-S09-005;V73-S09-006;V73-S09-015;V73-S09-022;V73-S29-007;V73-S30-001,tool-fabric.mjs (catalogue 'web-search'),None,Fresh retrieval and stale-claim detection,"Web search runs through the agent's own tooling, not an ATLASZ runtime connector",Fetched content untrusted,Ledger intake exists (research.add_source takes already-retrieved text with URL + retrievedAt; freshness/age-out is computed); the live fetcher itself is still an external provider,No live provider/credential in this workspace; nothing may be reported LIVE without our own passing probe.,EXTERNAL_BLOCKER
G03,Multi-Agent Analysis,PARTIAL,V73-S02-001;V73-S02-002;V73-S02-003;V73-S03-006;V73-S03-007;V73-S03-010,business/judge.mjs; brain/verifier.mjs; anti-collusion-guard.mjs; brain/orchestrator.mjs,"judge tests (8), verifier tests (8)",Parallel independent investigations + synthesis with anti-collusion,Needs live models to be independent in practice,Anti-collusion required,Parallel investigation runner with independence check on top of judge panel,"independent routes, collusion flagged, synthesis cites each",PARTIAL
G04,Advanced Reasoning,EXTERNAL_BLOCKER,V73-S03-001,brain/model-intelligence.mjs; business/judge.mjs,Routing + gateway exist and are tested with fakes; no reasoning provider is live,Reasoning model + validation,No provider,Independent validation for important conclusions,Covered by C10 + judge; provider blocked,NOPROV,EXTERNAL_BLOCKER
G05,Secure Code Execution,PARTIAL,V73-S02-003;V73-S09-002;V73-S09-013;V73-S09-014;V73-S09-029;V73-S10-001,see M06 ; code-sandbox.mjs,see M06; sandbox.run / sandbox.run_process_only typed tools; Control Center sandbox view (owner runs are NAMESPACE-only),see M06,see M06,see M06,Shared with M06,see M06,PARTIAL
G06,Function Calling,PARTIAL,V73-S02-001;V73-S03-007;V73-S03-013;V73-S09-016;V73-S09-017;V73-S09-018,capability-registry.mjs; executor-toolbox-registry.mjs; tool-bridge.mjs,"typed-tools.test (5 tests, 7 mutation checks caught: input/output validation, chain gate, additionalProperties, type check, schema keyword allowlist, timeout); money-engine-hosted.test (hosted built-ins through the control chain). No live model calls these yet (no provider) - the schema/permission layer itself is verified. TASK3 audit: the schema/permission layer is sandbox-verified, but nothing in the 30-agent execution path invokes typed tools (only the scheduler and tests do) and no model is attached, so 'working' is not supported.",Live model attachment (EXTERNAL); more built-in tools; A runtime path in which an agent/model selects and invokes typed tools,Registered tools are reachable only through tools.invoke by the scheduler and tests; the agents' governed dispatch handles SCREENING jobs only,Every call classified by owner-authority,Build typed tool registry with strict schema validation (shared with GE08/P14),"reject extra/missing/typed-wrong args, output validation, permission class, unknown tool refused",PARTIAL
G07,Collections and Knowledge Search,PARTIAL,V73-S06-007;V73-S07-001;V73-S07-002;V73-S07-003;V73-S07-004;V73-S07-005,knowledge-projects.mjs; document-center.mjs; enterprise-knowledge-agentic-rag.mjs,"knowledge-projects.test (8) + knowledge-projects-hosted.test (2), 14+3 mutation checks; document-intelligence.test; enterprise RAG basic test",Persistent index for the enterprise RAG module; semantic ranking,RAG module in-memory,Tenant/role enforced,"BUILT in Knowledge Projects: named collections, chunk offsets, citation spans, durable store","citation to source+offset, tenant isolation",PARTIAL
G08,Image Understanding,EXTERNAL_BLOCKER,V73-S03-008;V73-S23-012;V73-S28-001;ATLASZ-CR-007;ATLASZ-OSC-028;ATLASZ-PKG84-029,doc-extractors.mjs (no OCR) ; modality-fabric.mjs (metadata only),"Scanned PDFs reported NO_TEXT_LAYER, never faked; modality-fabric: PNG/JPEG/GIF/WEBP/BMP identified and parsed for size/EXIF flags (GPS present flagged, coordinates never extracted); NO image understanding: vision slot is EXTERNAL_PROVIDER_REQUIRED",Vision model/OCR,No provider,Images may be personal data,Modality fabric slot 'vision',No live provider/credential in this workspace; nothing may be reported LIVE without our own passing probe.,EXTERNAL_BLOCKER
G09,Video Understanding,EXTERNAL_BLOCKER,V73-S28-002;ATLASZ-PKG84-029;ATLASZ-PKG84-030,none ; modality-fabric.mjs (MP4 metadata only),"None; MP4/WebM identified, MP4 duration/size parsed; no video understanding (slot NOT_CONNECTED)",Video model,No provider,Authorized only,Modality fabric slot 'video-understanding',No live provider/credential in this workspace; nothing may be reported LIVE without our own passing probe.,EXTERNAL_BLOCKER
G10,Voice Intelligence,EXTERNAL_BLOCKER,V73-S04-010;V73-S05-001;V73-S05-002;V73-S05-003;V73-S05-004;V73-S05-005,voice-interface.mjs; voice-session.mjs,"voice-session.test: state machine reports BLOCKED_NO_PROVIDER, no LISTEN without probed chain, approvals same as text",Real STT/TTS,No provider,Voice identity is not authentication,Keep state machine; provider slot,(done) + roundtrip when provider exists,EXTERNAL_BLOCKER
G11,Image and Video Generation,EXTERNAL_BLOCKER,V73-S09-024;V73-S22-006;V73-S26-005;V73-S26-006;V73-S28-001;V73-S28-002,tool-fabric.mjs (catalogue) ; modality-fabric.mjs (slot only),None; image_generation slot exists and refuses paid providers (REFUSED_COST); nothing is generated,Provider interface,No provider; spend gate,Spending needs approval; content labelling,Media fabric slot with cost estimate + approval (no-spend default),No live provider/credential in this workspace; nothing may be reported LIVE without our own passing probe.,EXTERNAL_BLOCKER
G12,Streaming Tool Observability,PARTIAL,V73-S03-008;V73-S10-014;V73-S13-004;V73-S34-001;V73-S34-002;V73-S34-003,event-bus.mjs; brain/black-box.mjs; task-ledger.mjs; progress-ledger.mjs; Control Center polling,"black-box tests (8), control-center tests",Live push stream of tool calls/progress to the UI,UI polls; no server-sent events,Black Box redacts secrets,"Add SSE endpoint over event bus (read-only, token-gated)","token required, no secrets, ordering, reconnect",PARTIAL
G13,Context and Cost Optimization,PARTIAL,V73-S03-007;V73-S03-018;V73-S04-004;V73-S04-011;V73-S08-011;V73-S08-013,financial-ledger.mjs (token/API ledger); budget-consumption-governor.mjs; provider-resilience.mjs,"financial-ledger tests (6), provider-resilience tests","Context-window management, provider prompt caching, token accounting per conversation",No context manager; caching is provider-side,No-spend default,Context budgeter (M03) ; caching deferred to provider adapters,"budget never exceeded, accounting sums, unknown cost not zero",PARTIAL
GE01,Long-Context Intelligence,PARTIAL,V73-S03-017;V73-S03-018;V73-S04-004;V73-S04-011;V73-S07-001;V73-S07-008,knowledge-projects.mjs (chunker with offsets); document-center.mjs (tokens index); doc-extractors.mjs (size limits),extractor limit tests; knowledge-projects.test (chunk offsets),Whole-codebase/large-doc strategy; true long-context model use (provider),No chunker; limits truncate,"Truncation is flagged, not silent",Chunker with original-text offsets BUILT (800 chars/120 overlap); codebase indexing not built,"chunk boundary integrity, truncation flagged",PARTIAL
GE02,Unified Multimodal Understanding,PARTIAL,ATLASZ-PKG84-029,none (text only) ; modality-fabric.mjs; document-center.mjs; observation-memory.mjs,None; modality-fabric.test (8) + hosted (3): one envelope for document/image/audio/video metadata with privacy flags; understanding of image/audio/video content needs providers,"Content understanding for images, audio and video (OCR/STT/vision providers)",Built-in analysis is metadata and structure only; provider output would be untrusted and verified:false,Privacy class per modality,Modality fabric common envelope,No live provider/credential in this workspace; nothing may be reported LIVE without our own passing probe.,PARTIAL
GE03,Real-Time Voice Interaction,EXTERNAL_BLOCKER,V73-S04-010;V73-S05-001;V73-S05-002;V73-S05-003;V73-S05-004;V73-S05-005,voice-session.mjs,State machine (interruption states) tested,Low-latency streaming provider,No provider,Same as G10,Keep,No live provider/credential in this workspace; nothing may be reported LIVE without our own passing probe.,EXTERNAL_BLOCKER
GE04,Grounded Search,PARTIAL,ATLASZ-PKG84-026;ATLASZ-PKG84-027,research-ledger.mjs; knowledge-projects.mjs,"research-ledger.test (9) + research-ledger-hosted.test (2), 28 mutation checks",Grounding of live web search results (provider),Grounded over supplied sources only,Fetched/added text is untrusted and screened,"Citation re-verification and freshness (30-day age-out, superseded-version detection) BUILT; live search remains blocked",(done for supplied sources) + live provider evidence,PARTIAL
GE05,Productivity Suite Integration,EXTERNAL_BLOCKER,V73-S02-001;V73-S02-002;V73-S12-006;V73-S18-010;V73-S18-014;V73-S20-001,connector-catalog.mjs; universal-inbox.mjs,Connector descriptors BLOCKED_NO_CREDENTIALS,Credentials and OAuth for email/calendar/drive,No credentials,Read-only first; sending approval-gated,Keep descriptors; add calendar/task data model locally (Personal Command Center) independent of provider,"vault-only credentials, no LIVE without probe",EXTERNAL_BLOCKER
GE06,Browser and Computer Interaction,EXTERNAL_BLOCKER,V73-S02-001;V73-S12-004;V73-S14-005;V73-S19-001;V73-S19-002;V73-S19-003,computer-use-fabric.mjs,Policy only,Provider,No provider,Same as C02,See C02,No live provider/credential in this workspace; nothing may be reported LIVE without our own passing probe.,EXTERNAL_BLOCKER
GE07,Analytical Code Execution,PARTIAL,,see M07/M06 ; code-sandbox.mjs,None; code runs in the sandbox with the code SHA-256 in a hash-chained audit (runs are reproducible by hash),"No analysis libraries, data loading or report pipeline on top of the sandbox",depends on M06,"reproducible, hash recorded",Shared with M06/M07,see M07,PARTIAL
GE08,Structured Tool Invocation,PARTIAL,V73-S02-001;V73-S03-007;V73-S03-013;V73-S09-016;V73-S09-017;V73-S09-018,see G06,"typed-tools.test (5 tests, 7 mutation checks caught: input/output validation, chain gate, additionalProperties, type check, schema keyword allowlist, timeout); money-engine-hosted.test (hosted built-ins through the control chain) TASK3 audit: the schema/permission layer is sandbox-verified, but nothing in the 30-agent execution path invokes typed tools (only the scheduler and tests do) and no model is attached, so 'working' is not supported.",Live model attachment (EXTERNAL); A runtime path in which an agent/model selects and invokes typed tools,Registered tools are reachable only through tools.invoke by the scheduler and tests; the agents' governed dispatch handles SCREENING jobs only,see G06,Shared with G06,see G06,PARTIAL
GE09,File Search and RAG,PARTIAL,V73-S07-009;V73-S07-010;V73-S07-016;V73-S07-017;V73-S09-019;V73-S21-031,knowledge-projects.mjs; document-center.mjs; enterprise-knowledge-agentic-rag.mjs,"knowledge-projects.test (8) + knowledge-projects-hosted.test (2), 14+3 mutation checks; document-intelligence.test",Semantic retrieval; generative synthesis (needs live model),RAG not persistent,tenant/role + screening,"BUILT: extractive cited answers, refuses unsupported (NO_SUPPORTING_EVIDENCE), citation re-verification","extractive answer cites source, refuses unsupported",PARTIAL
GE10,Geographic Intelligence,EXTERNAL_BLOCKER,V73-S31-020;V73-S32-001;V73-S32-002;V73-S32-003;V73-S32-004;V73-S32-005,none,None,Mapping provider,No provider,Location is personal data,Slot only,No live provider/credential in this workspace; nothing may be reported LIVE without our own passing probe.,EXTERNAL_BLOCKER
GE11,Agent Development Architecture,PARTIAL,V73-S02-001;V73-S02-002;V73-S02-003;V73-S03-001;V73-S03-002;V73-S03-003,brain/planning-brain.mjs; brain/orchestrator.mjs; team-lead-workflows.mjs; agent-factory.mjs,"planning-brain tests (4), orchestrator tests (11)","Reusable workflow templates, stateful delegation primitives",Workflows not reusable as templates,Fixed topology,Workflow templates on durable scheduler (P06),"template instantiate/validate, state resume",PARTIAL
GE12,Multimodal Content Generation,EXTERNAL_BLOCKER,V73-S09-024;V73-S22-006;V73-S26-005;V73-S26-006;V73-S28-001;V73-S28-002,see G11 ; modality-fabric.mjs (slot only),None; see G11,Providers,No provider,see G11,see G11,No live provider/credential in this workspace; nothing may be reported LIVE without our own passing probe.,EXTERNAL_BLOCKER
GE13,Scalable Deployment Architecture,PARTIAL,V73-S08-017;V73-S08-020;V73-S10-018;V73-S14-005;V73-S15-006;V73-S15-008,tenant-isolation.mjs; atlasz-runtime/Dockerfile.worker; watchdog.mjs; update-center.mjs; startup-self-check.mjs,"tenant-isolation.test, watchdog tests, update-center tests (4)",Deployment is not performed (production untouched); isolated instance bootstrap not rehearsed,Railway untouched by design,Production changes need owner approval,Rehearse isolated-instance bootstrap locally (no deploy),"instance dir isolation, config separation",PARTIAL
A01,Live Visual Understanding,EXTERNAL_BLOCKER,,none ; modality-fabric.mjs; observation-memory.mjs (consent gate),None; no camera pipeline; observations of image/video/screen modality require owner consent with a purpose (observation-memory.test),Camera pipeline + vision provider,No provider,Camera = highest privacy class; explicit consent,Modality slot + consent gate,No live provider/credential in this workspace; nothing may be reported LIVE without our own passing probe.,EXTERNAL_BLOCKER
A02,Screen Awareness,EXTERNAL_BLOCKER,V73-S19-008;ATLASZ-BR-033;ATLASZ-PKG84-014;ATLASZ-PKG84-019;ATLASZ-PKG84-024;ATLASZ-PKG84-030,computer-use-fabric.mjs (action 'screenshot' policy) ; observation-memory.mjs (consent gate),Policy classification only; screen observations are consent-gated metadata/text only; no screenshot ingestion or vision,Screenshot ingestion + vision,No provider,Screens may hold secrets -> redaction,Screenshot ingest with screening/redaction hook,No live provider/credential in this workspace; nothing may be reported LIVE without our own passing probe.,EXTERNAL_BLOCKER
A03,Natural Real-Time Conversation,EXTERNAL_BLOCKER,V73-S03-016;V73-S04-009;V73-S04-010;V73-S05-001;V73-S05-002;V73-S05-003,voice-session.mjs; human-core.mjs ; voice-conversation.mjs (conversation layer over voice-session.mjs),"State machine; Human Core tone; voice-conversation.test (14) + voice-conversation-hosted.test (3) + 53 mutation checks (10/11 survivors killed, 1 redundant): consented conversations, kill-switch/Safe-Mode gating per turn, transcript+reply screening and secret redaction, barge-in, restart recovery, deletion; ONLY mock providers exercised - NO STT/TTS provider exists, so voice is never LIVE",STT/TTS providers with our own passing probe,"Voice can never approve (NEEDS_STRONG_AUTH); wake phrase is a filter, not a credential",Approvals via strong auth only,Keep,No live provider/credential in this workspace; nothing may be reported LIVE without our own passing probe.,EXTERNAL_BLOCKER
A04,Multilingual Live Communication,PARTIAL,V73-S09-025;V73-S12-001;V73-S12-002;V73-S12-003;V73-S12-004;V73-S12-005,master-brief.mjs and owner-command.mjs (EN/HU templates only) ; voice-conversation.mjs,human-core.test (hu/en); voice interaction is language-agnostic at the conversation layer; Hungarian approval/intent words are recognised; translation still not built,"General translation, language switching",No translation provider,Translations of approvals must not alter bound subject,Language packs for system text; translation via provider slot,"hu/en parity, approval text not machine-translated",PARTIAL
A05,Multimodal Memory,PARTIAL,V73-S04-010;V73-S05-013;V73-S07-001;V73-S07-002;V73-S07-003;V73-S07-004,brain/memory-fabric.mjs (text) ; observation-memory.mjs,Text memory only; observation-memory.test (8) + hosted (2) + mutation checks; modality + consent + classification + retention + correction + real deletion; raw media never stored,Semantic recall; media content (only descriptions and metadata are stored),Keyword recall labelled NOT semantic,Consent + classification + deletion required,Observation memory module (metadata/descriptions; raw media not stored by default),"consent required, class enforced, retention expiry, recall permission",PARTIAL
A06,Object and Equipment Recognition,EXTERNAL_BLOCKER,V73-S24-007;ATLASZ-PKG84-016,none,None,Vision model,No provider,Uncertainty must be expressed,Slot; uncertainty schema,No live provider/credential in this workspace; nothing may be reported LIVE without our own passing probe.,EXTERNAL_BLOCKER
A07,Visual Guidance,MISSING,,none,None,Instruction/overlay descriptors,Needs a renderer in Control Center,Overlays cannot execute actions,Data model for annotated steps (renderer later),schema validation,MISSING
A08,Contextual Proactive Assistance,PARTIAL,ATLASZ-PKG84-012,human-core.mjs (planHelp); master-brief.mjs; brain/central-brain.mjs,human-core.test (7),"Suggestion engine across state sources, suppression, rate limits",Suggestions never act,Suggest-only; restricted actions need approval,Suggestion queue fed by brief sources with dismissal memory,"suggest-only, rate limit, no restricted action",PARTIAL
A09,Environmental Context Awareness,EXTERNAL_BLOCKER,V73-S03-018;V73-S04-004;V73-S04-011;V73-S33-005;V73-S35-022;ATLASZ-SV-004,none,None,Sensors,No provider,Consent,Slot,No live provider/credential in this workspace; nothing may be reported LIVE without our own passing probe.,EXTERNAL_BLOCKER
A10,Application Assistance,PARTIAL,V73-S02-001;V73-S03-007;V73-S03-013;V73-S09-016;V73-S09-017;V73-S09-018,tool-bridge.mjs; computer-use-fabric.mjs,policy tests,Validated tools per application,Provider missing,Approval classes,Via typed tools,No live provider/credential in this workspace; nothing may be reported LIVE without our own passing probe.,PARTIAL
A11,Personalized Assistance,PARTIAL,V73-S04-010;V73-S06-001;V73-S06-002;V73-S06-003;V73-S06-004;V73-S06-005,master-brief.mjs (prefs); human-core.mjs; owner-keystore.mjs,"control-center-home.test prefs; personal-command-center.test (owner-local day via utcOffsetMinutes, tasks/reminders/deadlines, hu/en brief)","Preference/history store beyond language, signature and UTC offset; suggestion engine (A08)",Limited prefs,No hardcoded personal data in reusable code (config only),Profile store (config-driven) for Personal Command Center,prefs isolated per profile,PARTIAL
A12,Cross-Device Continuity,PARTIAL,V73-S39-001;V73-S39-002;V73-S39-003;V73-S39-004;V73-S39-005;V73-S39-006,mobile-api.mjs; durable server state; Control Center,"mobile-api.test (signed requests, nonce, rate limit)",Task handoff Windows<->mobile; no transport exposed,Mobile transport not hosted,Every request owner-signed,Continuity token view on existing task ledger,"signed handoff, replay refused",PARTIAL
A13,Visual Accessibility and Guidance,PARTIAL,,Control Center UI,none specific,"Scene descriptions (provider), UI accessibility audit",Provider for scenes,None,"UI accessibility checklist tests (labels, contrast tokens)",a11y static checks,PARTIAL
P01,Personal Learning Tutor,MISSING,V73-S07-001;V73-S07-002;V73-S07-003;V73-S07-004;V73-S07-005;V73-S07-006,none,None,"Lessons, quizzes, adaptive plan",Content generation needs a model for novel lessons; spaced-repetition scheduler is local,Personal data minimal,"Tutor engine: deck/quiz store + spaced-repetition scheduler (local, deterministic); content authoring by model later","scheduler intervals, scoring, persistence",MISSING
P02,Video-to-Action Workflow,MISSING,V73-S02-001;V73-S04-010;V73-S05-003;V73-S05-004;V73-S05-013;V73-S07-005,none,None,Transcript -> steps,Transcript source,Authorized only,Transcript->actionable steps with verification checklist (see M09),"step extraction, each step verifiable",MISSING
P03,Personal Knowledge Organizer,PARTIAL,V73-S06-007;V73-S07-001;V73-S07-002;V73-S07-003;V73-S07-004;V73-S07-005,knowledge-projects.mjs; document-center.mjs; brain/knowledge-brain.mjs,document-intelligence.test,Tags/books/ideas model,Notes exist (Knowledge Projects) but no tags or reading-list model,Classification PERSONAL/CONFIDENTIAL,Notes BUILT; add tags next,"tag search, classification",PARTIAL
P04,Rapid Prototype Builder,MISSING,V73-S08-001;V73-S08-007;V73-S29-001;V73-S29-010;V73-S43-011;V73-S48-013,none ; code-sandbox.mjs (runner only),None; prototype execution is possible; generator + test gate not built,Idea->prototype with tests,Needs sandbox + model,Sandbox only,After M06/C01,generated-test pass required,MISSING
P05,Task State Rewind,PARTIAL,V73-S03-018;V73-S10-012;V73-S14-007;V73-S23-032;V73-S35-017;V73-S37-003,owner-control/recovery-points.mjs; checkpoint-engine.mjs; backup-recovery.mjs; durable-queue.mjs,"backup-recovery tests (3), recovery-points tests",Per-task state rewind without touching financial/audit facts,"Restore is per category, not per task",Audit and payment facts must never rewind,Task checkpoints with rewind that excludes immutable domains,"rewind excludes audit/payments, verified hash",PARTIAL
P06,Reusable Personal Workflows,PARTIAL,V73-S02-002;V73-S21-001;V73-S26-002;V73-S26-008;V73-S28-003;V73-S30-003,brain/planning-brain.mjs; team-lead-workflows.mjs,planning-brain tests,Templates parameterized + schedulable,none,Approval points preserved,Workflow templates on scheduler,"parameter validation, approval preserved",PARTIAL
P07,Independent Code Reviewer,PARTIAL,V73-S03-010;V73-S03-011;V73-S04-012;V73-S08-001;V73-S08-007;V73-S09-026,qa-reviewer.mjs; business/judge.mjs; business/qa-factory.mjs,qa-factory/judge tests (generic work QA),"Code-specific static checks (secrets, injection patterns, test presence)",none for code,Findings advisory; Judge independent of author,"Code review checks module (rule-based, no model needed)","detects seeded defects, no false OK on empty",PARTIAL
P08,Interrupted Task Continuation,PARTIAL,V73-S03-018;V73-S10-012;V73-S10-016;V73-S14-007;V73-S39-004;V73-S46-010,durable-queue.mjs; checkpoint-engine.mjs; brain/planning-brain.mjs; startup-self-check.mjs,"durable-queue.test (replay, lease, DLQ), canonical-queue-safety, scheduler.test (crash mid-run recorded INTERRUPTED and rerun)",Task-level resume contract for planning-brain tasks across a real process restart (module-level only),Per-module durable; no unified resume test across restart,Corrupt state is never replaced,End-to-end restart scenario test + resume contract,"kill mid-task, resume exactly once",PARTIAL
P09,Social Signal Monitoring,EXTERNAL_BLOCKER,V73-S08-017;V73-S08-020;V73-S10-018;V73-S15-006;V73-S15-008;ATLASZ-PKG84-016,tech-watch.mjs; market-intelligence-engine.mjs,Feed-file monitor only,Live social sources,No credentials,Approved public sources only,Source slot,No live provider/credential in this workspace; nothing may be reported LIVE without our own passing probe.,EXTERNAL_BLOCKER
P10,Independent Multi-Model Verification,PARTIAL,V73-S02-002;V73-S03-007;V73-S03-010;V73-S04-008;V73-S08-001;V73-S08-002,business/judge.mjs; brain/verifier.mjs; brain/model-intelligence.mjs (different families required),judge + verifier tests; model-gateway.test (independent judge requires a different family and says plainly when it cannot be independent),Disagreement escalation with real models (EXTERNAL: only one or zero live providers),No live second provider,Single-provider limit reported truthfully,Disagreement escalation path (exists) + live providers blocked,(done offline) + live when providers exist,PARTIAL
P11,Batch Processing Engine,PARTIAL,V73-S03-002;V73-S03-017;V73-S07-006;V73-S10-001;V73-S10-002;V73-S10-003,durable-queue.mjs; priority-queue-rate-limit-governor.mjs; dead-letter-queue.mjs,"durable-queue.test (maxPending, DLQ), canonical-queue-safety","Batch job abstraction with checkpoint per item, rate limit, error isolation",none,Spend/approval gates per item,Batch runner on scheduler/queue,"error isolation, resume mid-batch, rate limit",PARTIAL
P12,Personal Media Organizer,PARTIAL,V73-S09-024;V73-S22-006;V73-S28-001;V73-S28-002;V73-S28-003;V73-S28-004,document-center.mjs (documents only) ; modality-fabric.mjs; observation-memory.mjs,None; media metadata index via the Document Center (METADATA_ONLY) and consent-gated observations of media; no content analysis,"Content-based organizing (faces, objects, scenes)",Metadata only without providers,Personal/private class; consent,"Media index: metadata, tags, classification via observation memory (no content analysis)","consent, class, no raw bytes leakage",PARTIAL
P13,Multi-Website Comparison,MISSING,V73-S16-006;V73-S30-001;V73-S30-002;V73-S30-003;V73-S30-004;V73-S30-005,none,None,Structured diff of user-specified pages,Fetcher is a provider/adapter,Untrusted content,Comparison over fetched snapshots (injected fetcher) with structured differences,"diff correctness, injection screened",MISSING
P14,Strict Structured Output Engine,PARTIAL,V73-S24-005;V73-S34-001;V73-S43-006;V73-S51-011;ATLASZ-OSC-014;ATLASZ-OSC-015,business/qa-factory.mjs (QA only),"typed-tools.test (5 tests, 7 mutation checks caught: input/output validation, chain gate, additionalProperties, type check, schema keyword allowlist, timeout); money-engine-hosted.test (hosted built-ins through the control chain); parseStructured rejects non-JSON, extra fields and out-of-enum values without repair TASK3 audit: the schema/permission layer is sandbox-verified, but nothing in the 30-agent execution path invokes typed tools (only the scheduler and tests do) and no model is attached, so 'working' is not supported.",Domain schemas for every module output (incremental); A runtime path in which an agent/model selects and invokes typed tools,Registered tools are reachable only through tools.invoke by the scheduler and tests; the agents' governed dispatch handles SCREENING jobs only,"Reject invalid, never coerce silently",Shared schema validator (see G06),"accept/reject matrix, no coercion",PARTIAL
P15,Adaptive Multimodal Processing,MISSING,ATLASZ-PKG84-029,none,None,Detail-level chooser,Providers,Cost gating,Policy function in modality fabric,detail never exceeds budget,MISSING
P16,Long-Session Continuity,PARTIAL,V73-S03-018;V73-S04-004;V73-S04-011;V73-S05-001;V73-S05-002;V73-S05-005,brain/memory-fabric.mjs; checkpoint-engine.mjs; planning-brain.mjs,memory-fabric.test,Conversation state persistence,Conversation object missing (M03),Provenance retained,With M03 conversation store,restart restores validated state,PARTIAL
P17,Voice Focus and Noise Handling,EXTERNAL_BLOCKER,V73-S04-010;V73-S05-001;V73-S05-002;V73-S05-003;V73-S05-004;V73-S05-005,voice-session.mjs,State machine only,Audio DSP/provider,No provider,Speaker intent != authentication,Slot,No live provider/credential in this workspace; nothing may be reported LIVE without our own passing probe.,EXTERNAL_BLOCKER
P18,Visual Highlighting,MISSING,,none,None,Region annotation schema,Renderer,Annotations cannot act,Annotation schema (see A07),schema validation,MISSING
P19,Personal Object and Information Recall,PARTIAL,V73-S04-010;V73-S05-013;V73-S07-001;V73-S07-002;V73-S07-003;V73-S07-004,brain/memory-fabric.mjs (text) ; observation-memory.mjs; obs.* typed tools,"Text only; permission-controlled recall with provenance, tenant isolation and deletion (observation-memory.test, hosted)",Semantic recall; recall of objects seen by cameras (no vision),Agents see only PUBLIC/PERSONAL records the Security Brain screened ALLOW,"Consent, retention, deletion",Observation memory (A05),recall requires permission and consent,PARTIAL
P20,Situational Assistance,PARTIAL,V73-S38-001,human-core.mjs; master-brief.mjs,human-core.test,Cross-source next-step suggestions,Suggestions limited to brief,Suggest-only,Suggestion queue (A08),suggest-only,PARTIAL
